trial,testing,parameters,initial_deadline,final_deadline,net_reward,actions,success
1,False,"{'e': 0.99899, 'a': 0.99899}",20,0,-193.19574169731558,"{0: 7, 1: 4, 2: 6, 3: 0, 4: 3}",0
2,False,"{'e': 0.9979699000000001, 'a': 0.9979699000000001}",20,0,-65.98041221509293,"{0: 12, 1: 1, 2: 7, 3: 0, 4: 0}",0
3,False,"{'e': 0.9969395990000001, 'a': 0.9969395990000001}",35,22,-67.91560490120433,"{0: 8, 1: 1, 2: 3, 3: 0, 4: 1}",1
4,False,"{'e': 0.9958989949900001, 'a': 0.9958989949900001}",20,0,-130.04515121053458,"{0: 9, 1: 4, 2: 4, 3: 2, 4: 1}",0
5,False,"{'e': 0.9948479849399001, 'a': 0.9948479849399001}",25,0,-94.5389089405275,"{0: 16, 1: 3, 2: 4, 3: 1, 4: 1}",0
6,False,"{'e': 0.9937864647892991, 'a': 0.9937864647892991}",35,0,-150.2824904096434,"{0: 16, 1: 13, 2: 4, 3: 1, 4: 1}",0
7,False,"{'e': 0.9927143294371921, 'a': 0.9927143294371921}",25,0,-147.45401977066436,"{0: 13, 1: 4, 2: 6, 3: 0, 4: 2}",0
8,False,"{'e': 0.9916314727315639, 'a': 0.9916314727315639}",25,0,-112.0093743097022,"{0: 13, 1: 6, 2: 5, 3: 0, 4: 1}",0
9,False,"{'e': 0.9905377874588795, 'a': 0.9905377874588795}",20,0,-219.56089478492237,"{0: 7, 1: 5, 2: 2, 3: 3, 4: 3}",0
10,False,"{'e': 0.9894331653334684, 'a': 0.9894331653334684}",20,0,-185.3058502134713,"{0: 12, 1: 0, 2: 4, 3: 0, 4: 4}",0
11,False,"{'e': 0.988317496986803, 'a': 0.988317496986803}",30,0,-137.4709609673554,"{0: 16, 1: 4, 2: 8, 3: 1, 4: 1}",0
12,False,"{'e': 0.9871906719566711, 'a': 0.9871906719566711}",20,0,-106.66112081668389,"{0: 8, 1: 7, 2: 4, 3: 0, 4: 1}",0
13,False,"{'e': 0.9860525786762379, 'a': 0.9860525786762379}",20,0,-64.20592598830812,"{0: 14, 1: 3, 2: 2, 3: 0, 4: 1}",0
14,False,"{'e': 0.9849031044630002, 'a': 0.9849031044630002}",20,0,-131.24104883415478,"{0: 7, 1: 5, 2: 6, 3: 1, 4: 1}",0
15,False,"{'e': 0.9837421355076302, 'a': 0.9837421355076302}",20,0,-84.26509690244171,"{0: 15, 1: 1, 2: 2, 3: 0, 4: 2}",0
16,False,"{'e': 0.9825695568627065, 'a': 0.9825695568627065}",25,0,-181.50481024769877,"{0: 12, 1: 1, 2: 9, 3: 1, 4: 2}",0
17,False,"{'e': 0.9813852524313336, 'a': 0.9813852524313336}",25,0,-115.52977214502967,"{0: 17, 1: 1, 2: 5, 3: 0, 4: 2}",0
18,False,"{'e': 0.9801891049556469, 'a': 0.9801891049556469}",20,0,-128.53057514992068,"{0: 10, 1: 4, 2: 4, 3: 0, 4: 2}",0
19,False,"{'e': 0.9789809960052034, 'a': 0.9789809960052034}",25,0,-168.24239901034397,"{0: 16, 1: 0, 2: 5, 3: 1, 4: 3}",0
20,False,"{'e': 0.9777608059652554, 'a': 0.9777608059652554}",20,0,-130.81075096019117,"{0: 11, 1: 3, 2: 3, 3: 1, 4: 2}",0
21,False,"{'e': 0.976528414024908, 'a': 0.976528414024908}",20,0,-33.142775850036834,"{0: 14, 1: 2, 2: 4, 3: 0, 4: 0}",0
22,False,"{'e': 0.975283698165157, 'a': 0.975283698165157}",20,0,-121.6192674211434,"{0: 13, 1: 2, 2: 1, 3: 2, 4: 2}",0
23,False,"{'e': 0.9740265351468086, 'a': 0.9740265351468086}",25,15,-43.9646283964163,"{0: 6, 1: 1, 2: 1, 3: 2, 4: 0}",1
24,False,"{'e': 0.9727568004982767, 'a': 0.9727568004982767}",30,0,-158.50351533599732,"{0: 16, 1: 5, 2: 7, 3: 0, 4: 2}",0
25,False,"{'e': 0.9714743685032595, 'a': 0.9714743685032595}",30,0,-138.68095044952452,"{0: 17, 1: 3, 2: 8, 3: 1, 4: 1}",0
26,False,"{'e': 0.9701791121882921, 'a': 0.9701791121882921}",25,0,-152.84650474358514,"{0: 14, 1: 6, 2: 2, 3: 0, 4: 3}",0
27,False,"{'e': 0.968870903310175, 'a': 0.968870903310175}",20,0,-113.401494220902,"{0: 13, 1: 3, 2: 1, 3: 1, 4: 2}",0
28,False,"{'e': 0.9675496123432767, 'a': 0.9675496123432767}",20,0,-113.3037840202212,"{0: 12, 1: 2, 2: 3, 3: 2, 4: 1}",0
29,False,"{'e': 0.9662151084667095, 'a': 0.9662151084667095}",25,0,-134.9847777069123,"{0: 16, 1: 2, 2: 4, 3: 1, 4: 2}",0
30,False,"{'e': 0.9648672595513766, 'a': 0.9648672595513766}",30,21,1.0809238007162585,"{0: 7, 1: 2, 2: 0, 3: 0, 4: 0}",1
31,False,"{'e': 0.9635059321468904, 'a': 0.9635059321468904}",25,0,-148.91285454727043,"{0: 14, 1: 3, 2: 5, 3: 1, 4: 2}",0
32,False,"{'e': 0.9621309914683593, 'a': 0.9621309914683593}",20,0,-81.95039076153601,"{0: 10, 1: 3, 2: 6, 3: 1, 4: 0}",0
33,False,"{'e': 0.960742301383043, 'a': 0.960742301383043}",20,0,-108.16907377461983,"{0: 12, 1: 3, 2: 3, 3: 0, 4: 2}",0
34,False,"{'e': 0.9593397243968734, 'a': 0.9593397243968734}",25,0,-124.13969786222043,"{0: 15, 1: 4, 2: 4, 3: 0, 4: 2}",0
35,False,"{'e': 0.9579231216408421, 'a': 0.9579231216408421}",30,0,-151.35088952541798,"{0: 18, 1: 5, 2: 4, 3: 1, 4: 2}",0
36,False,"{'e': 0.9564923528572505, 'a': 0.9564923528572505}",20,0,-90.71041925659148,"{0: 11, 1: 3, 2: 5, 3: 0, 4: 1}",0
37,False,"{'e': 0.9550472763858231, 'a': 0.9550472763858231}",25,0,-122.59050672107081,"{0: 14, 1: 2, 2: 7, 3: 1, 4: 1}",0
38,False,"{'e': 0.9535877491496814, 'a': 0.9535877491496814}",20,0,-73.9370142502855,"{0: 13, 1: 2, 2: 4, 3: 0, 4: 1}",0
39,False,"{'e': 0.9521136266411782, 'a': 0.9521136266411782}",20,0,-168.7093537935603,"{0: 7, 1: 2, 2: 8, 3: 2, 4: 1}",0
40,False,"{'e': 0.9506247629075899, 'a': 0.9506247629075899}",30,0,-97.17780363700447,"{0: 22, 1: 3, 2: 3, 3: 0, 4: 2}",0
41,False,"{'e': 0.9491210105366658, 'a': 0.9491210105366658}",25,0,-112.38733292360997,"{0: 13, 1: 6, 2: 4, 3: 1, 4: 1}",0
42,False,"{'e': 0.9476022206420324, 'a': 0.9476022206420324}",20,0,-109.67740492759492,"{0: 11, 1: 0, 2: 7, 3: 1, 4: 1}",0
43,False,"{'e': 0.9460682428484527, 'a': 0.9460682428484527}",30,14,-166.40678536028832,"{0: 7, 1: 2, 2: 3, 3: 1, 4: 3}",1
44,False,"{'e': 0.9445189252769373, 'a': 0.9445189252769373}",20,2,-130.18353777346374,"{0: 13, 1: 0, 2: 1, 3: 1, 4: 3}",1
45,False,"{'e': 0.9429541145297067, 'a': 0.9429541145297067}",25,0,-134.65116578213036,"{0: 16, 1: 3, 2: 2, 3: 2, 4: 2}",0
46,False,"{'e': 0.9413736556750038, 'a': 0.9413736556750038}",30,0,-114.62878773041436,"{0: 20, 1: 2, 2: 5, 3: 2, 4: 1}",0
47,False,"{'e': 0.9397773922317538, 'a': 0.9397773922317538}",30,0,-88.47035155562274,"{0: 22, 1: 1, 2: 5, 3: 1, 4: 1}",0
48,False,"{'e': 0.9381651661540714, 'a': 0.9381651661540714}",20,0,-68.38833965447401,"{0: 14, 1: 2, 2: 3, 3: 0, 4: 1}",0
49,False,"{'e': 0.9365368178156122, 'a': 0.9365368178156122}",20,0,-109.36280350510252,"{0: 16, 1: 1, 2: 0, 3: 0, 4: 3}",0
50,False,"{'e': 0.9348921859937682, 'a': 0.9348921859937682}",25,0,-110.8865774553999,"{0: 16, 1: 3, 2: 3, 3: 2, 4: 1}",0
51,False,"{'e': 0.9332311078537059, 'a': 0.9332311078537059}",25,0,-95.50604024577508,"{0: 11, 1: 6, 2: 8, 3: 0, 4: 0}",0
52,False,"{'e': 0.931553418932243, 'a': 0.931553418932243}",30,0,-123.3555907596052,"{0: 18, 1: 4, 2: 6, 3: 1, 4: 1}",0
53,False,"{'e': 0.9298589531215654, 'a': 0.9298589531215654}",20,0,-129.37390256398456,"{0: 11, 1: 3, 2: 3, 3: 1, 4: 2}",0
54,False,"{'e': 0.9281475426527811, 'a': 0.9281475426527811}",30,9,-132.0749743704366,"{0: 12, 1: 1, 2: 5, 3: 1, 4: 2}",1
55,False,"{'e': 0.9264190180793089, 'a': 0.9264190180793089}",20,0,-104.63630982963329,"{0: 11, 1: 3, 2: 4, 3: 1, 4: 1}",0
56,False,"{'e': 0.924673208260102, 'a': 0.924673208260102}",20,0,-168.29429311026257,"{0: 9, 1: 3, 2: 4, 3: 2, 4: 2}",0
57,False,"{'e': 0.922909940342703, 'a': 0.922909940342703}",20,1,-51.26783025685184,"{0: 13, 1: 1, 2: 4, 3: 1, 4: 0}",1
58,False,"{'e': 0.92112903974613, 'a': 0.92112903974613}",20,0,-143.15429738714232,"{0: 12, 1: 2, 2: 3, 3: 0, 4: 3}",0
59,False,"{'e': 0.9193303301435913, 'a': 0.9193303301435913}",20,0,-151.87951606850223,"{0: 12, 1: 1, 2: 4, 3: 0, 4: 3}",0
60,False,"{'e': 0.9175136334450272, 'a': 0.9175136334450272}",20,0,-102.13451739491744,"{0: 12, 1: 1, 2: 5, 3: 1, 4: 1}",0
61,False,"{'e': 0.9156787697794775, 'a': 0.9156787697794775}",20,7,-66.27634268984404,"{0: 8, 1: 2, 2: 1, 3: 1, 4: 1}",1
62,False,"{'e': 0.9138255574772722, 'a': 0.9138255574772722}",25,0,-134.27709724235487,"{0: 15, 1: 3, 2: 5, 3: 0, 4: 2}",0
63,False,"{'e': 0.9119538130520449, 'a': 0.9119538130520449}",25,0,-110.42878185335849,"{0: 16, 1: 3, 2: 2, 3: 3, 4: 1}",0
64,False,"{'e': 0.9100633511825653, 'a': 0.9100633511825653}",20,0,-65.5428365915571,"{0: 14, 1: 1, 2: 2, 3: 3, 4: 0}",0
65,False,"{'e': 0.908153984694391, 'a': 0.908153984694391}",20,0,-126.04846745790351,"{0: 9, 1: 5, 2: 3, 3: 2, 4: 1}",0
66,False,"{'e': 0.9062255245413349, 'a': 0.9062255245413349}",35,0,-183.55808517726672,"{0: 22, 1: 4, 2: 5, 3: 1, 4: 3}",0
67,False,"{'e': 0.9042777797867482, 'a': 0.9042777797867482}",20,0,-115.38669216816865,"{0: 15, 1: 1, 2: 1, 3: 0, 4: 3}",0
68,False,"{'e': 0.9023105575846156, 'a': 0.9023105575846156}",30,0,-180.4108593374874,"{0: 17, 1: 2, 2: 7, 3: 2, 4: 2}",0
69,False,"{'e': 0.9003236631604618, 'a': 0.9003236631604618}",20,0,-131.58498584139284,"{0: 11, 1: 1, 2: 6, 3: 0, 4: 2}",0
70,False,"{'e': 0.8983168997920664, 'a': 0.8983168997920664}",25,0,-148.89263867138146,"{0: 17, 1: 2, 2: 2, 3: 1, 4: 3}",0
71,False,"{'e': 0.8962900687899871, 'a': 0.8962900687899871}",35,0,-220.52758055739002,"{0: 19, 1: 4, 2: 8, 3: 1, 4: 3}",0
72,False,"{'e': 0.894242969477887, 'a': 0.894242969477887}",35,0,-72.17781339287744,"{0: 23, 1: 5, 2: 6, 3: 1, 4: 0}",0
73,False,"{'e': 0.8921753991726659, 'a': 0.8921753991726659}",30,0,-136.16208529152595,"{0: 17, 1: 5, 2: 5, 3: 2, 4: 1}",0
74,False,"{'e': 0.8900871531643925, 'a': 0.8900871531643925}",30,0,-180.16488366242325,"{0: 15, 1: 4, 2: 8, 3: 1, 4: 2}",0
75,False,"{'e': 0.8879780246960364, 'a': 0.8879780246960364}",25,0,-139.13042754522857,"{0: 16, 1: 0, 2: 6, 3: 1, 4: 2}",0
76,False,"{'e': 0.8858478049429968, 'a': 0.8858478049429968}",20,0,-127.0401735696084,"{0: 9, 1: 0, 2: 8, 3: 3, 4: 0}",0
77,False,"{'e': 0.8836962829924268, 'a': 0.8836962829924268}",25,0,-166.84000534846123,"{0: 12, 1: 4, 2: 6, 3: 1, 4: 2}",0
78,False,"{'e': 0.881523245822351, 'a': 0.881523245822351}",20,0,-126.47016184192293,"{0: 11, 1: 1, 2: 5, 3: 2, 4: 1}",0
79,False,"{'e': 0.8793284782805745, 'a': 0.8793284782805745}",20,0,-29.599024124359126,"{0: 15, 1: 0, 2: 5, 3: 0, 4: 0}",0
80,False,"{'e': 0.8771117630633802, 'a': 0.8771117630633802}",20,0,-39.865646820108566,"{0: 15, 1: 1, 2: 3, 3: 1, 4: 0}",0
81,False,"{'e': 0.874872880694014, 'a': 0.874872880694014}",20,0,-159.2531465659838,"{0: 9, 1: 3, 2: 5, 3: 1, 4: 2}",0
82,False,"{'e': 0.8726116095009542, 'a': 0.8726116095009542}",25,3,-66.12671846265391,"{0: 12, 1: 3, 2: 7, 3: 0, 4: 0}",1
83,False,"{'e': 0.8703277255959637, 'a': 0.8703277255959637}",25,0,-41.879499985217656,"{0: 17, 1: 4, 2: 4, 3: 0, 4: 0}",0
84,False,"{'e': 0.8680210028519234, 'a': 0.8680210028519234}",20,1,-10.217223408767527,"{0: 15, 1: 3, 2: 1, 3: 0, 4: 0}",1
85,False,"{'e': 0.8656912128804426, 'a': 0.8656912128804426}",20,0,-12.355498937766777,"{0: 15, 1: 3, 2: 2, 3: 0, 4: 0}",0
86,False,"{'e': 0.863338125009247, 'a': 0.863338125009247}",30,0,-190.31316952878606,"{0: 18, 1: 0, 2: 9, 3: 0, 4: 3}",0
87,False,"{'e': 0.8609615062593394, 'a': 0.8609615062593394}",30,15,-65.67838107794447,"{0: 8, 1: 2, 2: 3, 3: 2, 4: 0}",1
88,False,"{'e': 0.8585611213219329, 'a': 0.8585611213219329}",25,16,-32.99215819962406,"{0: 7, 1: 1, 2: 0, 3: 0, 4: 1}",1
89,False,"{'e': 0.8561367325351522, 'a': 0.8561367325351522}",30,0,-146.73219066581547,"{0: 19, 1: 3, 2: 3, 3: 4, 4: 1}",0
90,False,"{'e': 0.8536880998605038, 'a': 0.8536880998605038}",20,0,-86.68471889349188,"{0: 10, 1: 3, 2: 6, 3: 1, 4: 0}",0
91,False,"{'e': 0.8512149808591087, 'a': 0.8512149808591087}",20,0,-46.673819508357504,"{0: 17, 1: 1, 2: 0, 3: 1, 4: 1}",0
92,False,"{'e': 0.8487171306676998, 'a': 0.8487171306676998}",20,0,-100.86132796881488,"{0: 13, 1: 3, 2: 2, 3: 0, 4: 2}",0
93,False,"{'e': 0.8461943019743768, 'a': 0.8461943019743768}",25,0,-149.80378635557977,"{0: 17, 1: 1, 2: 4, 3: 0, 4: 3}",0
94,False,"{'e': 0.8436462449941206, 'a': 0.8436462449941206}",25,0,-87.98536702227831,"{0: 19, 1: 2, 2: 2, 3: 0, 4: 2}",0
95,False,"{'e': 0.8410727074440617, 'a': 0.8410727074440617}",25,5,-64.18150537523948,"{0: 13, 1: 1, 2: 4, 3: 2, 4: 0}",1
96,False,"{'e': 0.8384734345185023, 'a': 0.8384734345185023}",25,12,-5.074283360261202,"{0: 11, 1: 0, 2: 2, 3: 0, 4: 0}",1
97,False,"{'e': 0.8358481688636873, 'a': 0.8358481688636873}",35,0,-189.4839868641051,"{0: 24, 1: 4, 2: 2, 3: 1, 4: 4}",0
98,False,"{'e': 0.8331966505523242, 'a': 0.8331966505523242}",25,0,-143.71628347123973,"{0: 17, 1: 2, 2: 3, 3: 0, 4: 3}",0
99,False,"{'e': 0.8305186170578474, 'a': 0.8305186170578474}",35,0,-99.77516643188396,"{0: 26, 1: 4, 2: 3, 3: 0, 4: 2}",0
100,False,"{'e': 0.8278138032284258, 'a': 0.8278138032284258}",20,0,-3.4177915164251975,"{0: 17, 1: 1, 2: 2, 3: 0, 4: 0}",0
101,False,"{'e': 0.82508194126071, 'a': 0.82508194126071}",25,4,-51.44947605058681,"{0: 16, 1: 2, 2: 2, 3: 0, 4: 1}",1
102,False,"{'e': 0.8223227606733171, 'a': 0.8223227606733171}",25,2,-53.14209972899733,"{0: 16, 1: 2, 2: 4, 3: 1, 4: 0}",1
103,False,"{'e': 0.8195359882800503, 'a': 0.8195359882800503}",25,0,-176.09761389222987,"{0: 15, 1: 2, 2: 4, 3: 1, 4: 3}",0
104,False,"{'e': 0.8167213481628508, 'a': 0.8167213481628508}",35,4,-139.48836185059463,"{0: 22, 1: 2, 2: 4, 3: 0, 4: 3}",1
105,False,"{'e': 0.8138785616444794, 'a': 0.8138785616444794}",20,0,-59.37799249645656,"{0: 15, 1: 3, 2: 0, 3: 1, 4: 1}",0
106,False,"{'e': 0.8110073472609242, 'a': 0.8110073472609242}",20,0,-149.73590820921177,"{0: 8, 1: 5, 2: 5, 3: 0, 4: 2}",0
107,False,"{'e': 0.8081074207335334, 'a': 0.8081074207335334}",25,16,-4.5207690907248,"{0: 7, 1: 1, 2: 1, 3: 0, 4: 0}",1
108,False,"{'e': 0.8051784949408687, 'a': 0.8051784949408687}",30,20,-24.484998190225745,"{0: 6, 1: 1, 2: 3, 3: 0, 4: 0}",1
109,False,"{'e': 0.8022202798902773, 'a': 0.8022202798902773}",20,0,-110.03327506011098,"{0: 13, 1: 2, 2: 2, 3: 1, 4: 2}",0
110,False,"{'e': 0.7992324826891801, 'a': 0.7992324826891801}",20,0,-84.87617334043165,"{0: 12, 1: 2, 2: 5, 3: 0, 4: 1}",0
111,False,"{'e': 0.7962148075160719, 'a': 0.7962148075160719}",25,11,-13.469484510316788,"{0: 11, 1: 1, 2: 2, 3: 0, 4: 0}",1
112,False,"{'e': 0.7931669555912326, 'a': 0.7931669555912326}",20,7,-77.05149105814804,"{0: 8, 1: 1, 2: 2, 3: 1, 4: 1}",1
113,False,"{'e': 0.790088625147145, 'a': 0.790088625147145}",20,0,-123.83712441326146,"{0: 9, 1: 4, 2: 5, 3: 1, 4: 1}",0
114,False,"{'e': 0.7869795113986164, 'a': 0.7869795113986164}",30,1,-131.25757259281048,"{0: 21, 1: 1, 2: 4, 3: 0, 4: 3}",1
115,False,"{'e': 0.7838393065126026, 'a': 0.7838393065126026}",20,0,-132.38298906831383,"{0: 13, 1: 2, 2: 1, 3: 2, 4: 2}",0
116,False,"{'e': 0.7806676995777286, 'a': 0.7806676995777286}",20,12,6.386037334224294,"{0: 7, 1: 1, 2: 0, 3: 0, 4: 0}",1
117,False,"{'e': 0.7774643765735059, 'a': 0.7774643765735059}",20,12,-19.300024008619385,"{0: 5, 1: 1, 2: 2, 3: 0, 4: 0}",1
118,False,"{'e': 0.7742290203392409, 'a': 0.7742290203392409}",30,9,-68.11219920158801,"{0: 15, 1: 3, 2: 1, 3: 1, 4: 1}",1
119,False,"{'e': 0.7709613105426333, 'a': 0.7709613105426333}",20,0,-121.95845547181169,"{0: 13, 1: 1, 2: 3, 3: 1, 4: 2}",1
120,False,"{'e': 0.7676609236480596, 'a': 0.7676609236480596}",20,0,-31.811960585400776,"{0: 15, 1: 1, 2: 3, 3: 1, 4: 0}",1
121,False,"{'e': 0.7643275328845401, 'a': 0.7643275328845401}",20,0,-17.771665508925317,"{0: 16, 1: 1, 2: 3, 3: 0, 4: 0}",0
122,False,"{'e': 0.7609608082133855, 'a': 0.7609608082133855}",20,2,-34.08498450505549,"{0: 12, 1: 2, 2: 4, 3: 0, 4: 0}",1
123,False,"{'e': 0.7575604162955194, 'a': 0.7575604162955194}",25,6,-72.19017733109462,"{0: 13, 1: 1, 2: 3, 3: 1, 4: 1}",1
124,False,"{'e': 0.7541260204584745, 'a': 0.7541260204584745}",20,0,-77.31842708557168,"{0: 14, 1: 0, 2: 4, 3: 1, 4: 1}",0
125,False,"{'e': 0.7506572806630593, 'a': 0.7506572806630593}",30,0,-32.15887561673654,"{0: 24, 1: 2, 2: 3, 3: 1, 4: 0}",0
126,False,"{'e': 0.7471538534696899, 'a': 0.7471538534696899}",30,13,-99.39045193216671,"{0: 11, 1: 1, 2: 3, 3: 0, 4: 2}",1
127,False,"{'e': 0.7436153920043868, 'a': 0.7436153920043868}",25,0,-87.0060243597321,"{0: 16, 1: 2, 2: 6, 3: 0, 4: 1}",0
128,False,"{'e': 0.7400415459244306, 'a': 0.7400415459244306}",30,0,-132.66236868985985,"{0: 18, 1: 4, 2: 5, 3: 2, 4: 1}",0
129,False,"{'e': 0.736431961383675, 'a': 0.736431961383675}",20,0,-59.705312428055244,"{0: 13, 1: 1, 2: 5, 3: 1, 4: 0}",0
130,False,"{'e': 0.7327862809975118, 'a': 0.7327862809975118}",25,9,-21.2844830970344,"{0: 11, 1: 2, 2: 3, 3: 0, 4: 0}",1
131,False,"{'e': 0.7291041438074869, 'a': 0.7291041438074869}",20,2,-55.452213115006906,"{0: 13, 1: 1, 2: 3, 3: 0, 4: 1}",1
132,False,"{'e': 0.7253851852455617, 'a': 0.7253851852455617}",25,11,-23.815820986756155,"{0: 10, 1: 2, 2: 1, 3: 1, 4: 0}",1
133,False,"{'e': 0.7216290370980173, 'a': 0.7216290370980173}",20,0,12.768244809087037,"{0: 19, 1: 0, 2: 1, 3: 0, 4: 0}",0
134,False,"{'e': 0.7178353274689975, 'a': 0.7178353274689975}",20,0,-78.95858378078265,"{0: 13, 1: 1, 2: 5, 3: 0, 4: 1}",0
135,False,"{'e': 0.7140036807436875, 'a': 0.7140036807436875}",20,0,-54.88844179799984,"{0: 14, 1: 3, 2: 2, 3: 0, 4: 1}",0
136,False,"{'e': 0.7101337175511243, 'a': 0.7101337175511243}",20,11,-17.686700252968905,"{0: 7, 1: 0, 2: 1, 3: 1, 4: 0}",1
137,False,"{'e': 0.7062250547266355, 'a': 0.7062250547266355}",30,13,-32.294701352187666,"{0: 15, 1: 0, 2: 1, 3: 0, 4: 1}",1
138,False,"{'e': 0.7022773052739019, 'a': 0.7022773052739019}",25,0,-139.7014735381306,"{0: 13, 1: 4, 2: 6, 3: 0, 4: 2}",0
139,False,"{'e': 0.6982900783266409, 'a': 0.6982900783266409}",20,6,-27.736813493900655,"{0: 9, 1: 3, 2: 1, 3: 1, 4: 0}",1
140,False,"{'e': 0.6942629791099073, 'a': 0.6942629791099073}",30,0,-115.90467703189232,"{0: 17, 1: 1, 2: 11, 3: 1, 4: 0}",0
141,False,"{'e': 0.6901956089010064, 'a': 0.6901956089010064}",20,0,-83.58778403590101,"{0: 10, 1: 4, 2: 4, 3: 2, 4: 0}",0
142,False,"{'e': 0.6860875649900164, 'a': 0.6860875649900164}",25,11,-77.34993900445397,"{0: 10, 1: 1, 2: 1, 3: 0, 4: 2}",1
143,False,"{'e': 0.6819384406399166, 'a': 0.6819384406399166}",25,0,-97.09815034699089,"{0: 18, 1: 1, 2: 4, 3: 0, 4: 2}",0
144,False,"{'e': 0.6777478250463158, 'a': 0.6777478250463158}",20,5,-59.22349925399186,"{0: 10, 1: 3, 2: 0, 3: 1, 4: 1}",1
145,False,"{'e': 0.673515303296779, 'a': 0.673515303296779}",20,5,-115.83786737057144,"{0: 10, 1: 0, 2: 1, 3: 2, 4: 2}",1
146,False,"{'e': 0.6692404563297468, 'a': 0.6692404563297468}",25,10,-8.806233324131302,"{0: 11, 1: 3, 2: 1, 3: 0, 4: 0}",1
147,False,"{'e': 0.6649228608930443, 'a': 0.6649228608930443}",30,11,-69.26675844652966,"{0: 13, 1: 3, 2: 1, 3: 1, 4: 1}",1
148,False,"{'e': 0.6605620895019747, 'a': 0.6605620895019747}",25,0,-69.55126694713273,"{0: 18, 1: 2, 2: 4, 3: 0, 4: 1}",0
149,False,"{'e': 0.6561577103969944, 'a': 0.6561577103969944}",20,14,11.543935825510605,"{0: 6, 1: 0, 2: 0, 3: 0, 4: 0}",1
150,False,"{'e': 0.6517092875009644, 'a': 0.6517092875009644}",25,0,-110.28163266083251,"{0: 15, 1: 2, 2: 6, 3: 1, 4: 1}",0
151,False,"{'e': 0.647216380375974, 'a': 0.647216380375974}",20,0,-69.22503325656828,"{0: 13, 1: 3, 2: 3, 3: 0, 4: 1}",0
152,False,"{'e': 0.6426785441797337, 'a': 0.6426785441797337}",25,10,-49.47392888592688,"{0: 11, 1: 1, 2: 2, 3: 0, 4: 1}",1
153,False,"{'e': 0.638095329621531, 'a': 0.638095329621531}",25,0,-63.705518702708495,"{0: 19, 1: 2, 2: 2, 3: 1, 4: 1}",0
154,False,"{'e': 0.6334662829177463, 'a': 0.6334662829177463}",25,0,-60.41542259687908,"{0: 20, 1: 1, 2: 2, 3: 1, 4: 1}",0
155,False,"{'e': 0.6287909457469237, 'a': 0.6287909457469237}",20,0,-31.26174626974193,"{0: 15, 1: 0, 2: 5, 3: 0, 4: 0}",0
156,False,"{'e': 0.6240688552043929, 'a': 0.6240688552043929}",20,5,-13.529959780818087,"{0: 13, 1: 0, 2: 1, 3: 1, 4: 0}",1
157,False,"{'e': 0.6192995437564368, 'a': 0.6192995437564368}",20,0,-67.11409936761008,"{0: 14, 1: 1, 2: 4, 3: 0, 4: 1}",0
158,False,"{'e': 0.6144825391940012, 'a': 0.6144825391940012}",20,0,-35.528586499223394,"{0: 13, 1: 3, 2: 4, 3: 0, 4: 0}",0
159,False,"{'e': 0.6096173645859412, 'a': 0.6096173645859412}",20,8,-9.288834020746037,"{0: 9, 1: 1, 2: 2, 3: 0, 4: 0}",1
160,False,"{'e': 0.6047035382318006, 'a': 0.6047035382318006}",20,0,0.28976068506610075,"{0: 16, 1: 4, 2: 0, 3: 0, 4: 0}",1
161,False,"{'e': 0.5997405736141186, 'a': 0.5997405736141186}",25,0,-77.89324768628276,"{0: 18, 1: 1, 2: 5, 3: 0, 4: 1}",0
162,False,"{'e': 0.5947279793502598, 'a': 0.5947279793502598}",25,0,-9.277794252057872,"{0: 21, 1: 1, 2: 3, 3: 0, 4: 0}",0
163,False,"{'e': 0.5896652591437623, 'a': 0.5896652591437623}",20,0,-19.811360040419867,"{0: 19, 1: 0, 2: 0, 3: 0, 4: 1}",0
164,False,"{'e': 0.5845519117351999, 'a': 0.5845519117351999}",30,0,-37.284712107570094,"{0: 22, 1: 3, 2: 5, 3: 0, 4: 0}",0
165,False,"{'e': 0.579387430852552, 'a': 0.579387430852552}",20,0,-39.87274610443776,"{0: 14, 1: 0, 2: 6, 3: 0, 4: 0}",0
166,False,"{'e': 0.5741713051610775, 'a': 0.5741713051610775}",30,15,-31.705264217689184,"{0: 10, 1: 0, 2: 5, 3: 0, 4: 0}",1
167,False,"{'e': 0.5689030182126883, 'a': 0.5689030182126883}",30,9,-2.3132713236641624,"{0: 17, 1: 2, 2: 2, 3: 0, 4: 0}",1
168,False,"{'e': 0.5635820483948152, 'a': 0.5635820483948152}",25,0,-67.45962845270428,"{0: 18, 1: 2, 2: 4, 3: 0, 4: 1}",0
169,False,"{'e': 0.5582078688787633, 'a': 0.5582078688787633}",25,15,3.1592766583472183,"{0: 9, 1: 0, 2: 1, 3: 0, 4: 0}",1
170,False,"{'e': 0.5527799475675509, 'a': 0.5527799475675509}",30,11,3.489423154154565,"{0: 16, 1: 1, 2: 2, 3: 0, 4: 0}",1
171,False,"{'e': 0.5472977470432264, 'a': 0.5472977470432264}",20,0,-56.52448305055787,"{0: 15, 1: 1, 2: 3, 3: 0, 4: 1}",0
172,False,"{'e': 0.5417607245136586, 'a': 0.5417607245136586}",20,14,-2.0536301848264604,"{0: 5, 1: 0, 2: 1, 3: 0, 4: 0}",1
173,False,"{'e': 0.5361683317587952, 'a': 0.5361683317587952}",20,10,-88.18312661570096,"{0: 6, 1: 0, 2: 2, 3: 0, 4: 2}",1
174,False,"{'e': 0.5305200150763831, 'a': 0.5305200150763831}",25,1,-52.38729073099056,"{0: 19, 1: 1, 2: 3, 3: 0, 4: 1}",1
175,False,"{'e': 0.5248152152271469, 'a': 0.5248152152271469}",25,0,-54.94340190651258,"{0: 19, 1: 1, 2: 3, 3: 2, 4: 0}",0
176,False,"{'e': 0.5190533673794184, 'a': 0.5190533673794184}",20,11,-7.586974105590995,"{0: 7, 1: 0, 2: 2, 3: 0, 4: 0}",1
177,False,"{'e': 0.5132339010532126, 'a': 0.5132339010532126}",30,20,-23.669797871724583,"{0: 9, 1: 0, 2: 0, 3: 0, 4: 1}",1
178,False,"{'e': 0.5073562400637448, 'a': 0.5073562400637448}",20,9,9.635108864511547,"{0: 10, 1: 0, 2: 1, 3: 0, 4: 0}",1
179,False,"{'e': 0.5014198024643822, 'a': 0.5014198024643822}",25,0,6.840444633476807,"{0: 22, 1: 2, 2: 1, 3: 0, 4: 0}",0
180,False,"{'e': 0.4954240004890261, 'a': 0.4954240004890261}",25,5,-13.287048149110804,"{0: 17, 1: 1, 2: 1, 3: 1, 4: 0}",1
181,False,"{'e': 0.48936824049391636, 'a': 0.48936824049391636}",25,7,-41.132185848004745,"{0: 13, 1: 0, 2: 4, 3: 1, 4: 0}",1
182,False,"{'e': 0.48325192289885555, 'a': 0.48325192289885555}",20,12,12.687078264821762,"{0: 8, 1: 0, 2: 0, 3: 0, 4: 0}",1
183,False,"{'e': 0.4770744421278441, 'a': 0.4770744421278441}",25,0,-52.16417525181189,"{0: 18, 1: 0, 2: 6, 3: 1, 4: 0}",0
184,False,"{'e': 0.47083518654912254, 'a': 0.47083518654912254}",25,0,-82.73158472918462,"{0: 19, 1: 2, 2: 2, 3: 0, 4: 2}",1
185,False,"{'e': 0.46453353841461376, 'a': 0.46453353841461376}",20,10,-34.06884713097169,"{0: 8, 1: 0, 2: 1, 3: 0, 4: 1}",1
186,False,"{'e': 0.45816887379875987, 'a': 0.45816887379875987}",25,3,-2.843512571559392,"{0: 18, 1: 1, 2: 3, 3: 0, 4: 0}",1
187,False,"{'e': 0.4517405625367475, 'a': 0.4517405625367475}",25,11,-5.818988266058528,"{0: 11, 1: 0, 2: 3, 3: 0, 4: 0}",1
188,False,"{'e': 0.445247968162115, 'a': 0.445247968162115}",25,9,-120.70988736615699,"{0: 11, 1: 1, 2: 1, 3: 0, 4: 3}",1
189,False,"{'e': 0.4386904478437361, 'a': 0.4386904478437361}",25,4,-87.26213240187339,"{0: 14, 1: 3, 2: 1, 3: 2, 4: 1}",1
190,False,"{'e': 0.43206735232217347, 'a': 0.43206735232217347}",20,0,-32.39850408172015,"{0: 15, 1: 2, 2: 2, 3: 1, 4: 0}",0
191,False,"{'e': 0.4253780258453952, 'a': 0.4253780258453952}",25,0,-81.68546635847903,"{0: 19, 1: 2, 2: 2, 3: 0, 4: 2}",1
192,False,"{'e': 0.41862180610384914, 'a': 0.41862180610384914}",25,0,-126.86646117430296,"{0: 19, 1: 0, 2: 3, 3: 0, 4: 3}",0
193,False,"{'e': 0.41179802416488764, 'a': 0.41179802416488764}",20,10,15.733512666446623,"{0: 10, 1: 0, 2: 0, 3: 0, 4: 0}",1
194,False,"{'e': 0.4049060044065365, 'a': 0.4049060044065365}",20,5,11.463161007690747,"{0: 14, 1: 0, 2: 1, 3: 0, 4: 0}",1
195,False,"{'e': 0.3979450644506019, 'a': 0.3979450644506019}",20,15,-30.968028818852005,"{0: 4, 1: 0, 2: 0, 3: 0, 4: 1}",1
196,False,"{'e': 0.39091451509510794, 'a': 0.39091451509510794}",25,6,1.8612821980546115,"{0: 16, 1: 1, 2: 2, 3: 0, 4: 0}",1
197,False,"{'e': 0.383813660246059, 'a': 0.383813660246059}",20,12,4.763357034380872,"{0: 7, 1: 1, 2: 0, 3: 0, 4: 0}",1
198,False,"{'e': 0.3766417968485196, 'a': 0.3766417968485196}",20,7,14.451882899206211,"{0: 12, 1: 1, 2: 0, 3: 0, 4: 0}",1
199,False,"{'e': 0.3693982148170048, 'a': 0.3693982148170048}",20,8,3.4192787485177263,"{0: 10, 1: 1, 2: 1, 3: 0, 4: 0}",1
200,False,"{'e': 0.36208219696517485, 'a': 0.36208219696517485}",20,3,-40.651650777009685,"{0: 14, 1: 1, 2: 0, 3: 1, 4: 1}",1
201,False,"{'e': 0.3546930189348266, 'a': 0.3546930189348266}",20,11,-18.005714034614783,"{0: 6, 1: 0, 2: 3, 3: 0, 4: 0}",1
202,False,"{'e': 0.3472299491241748, 'a': 0.3472299491241748}",30,17,10.253391971161896,"{0: 12, 1: 0, 2: 1, 3: 0, 4: 0}",1
203,False,"{'e': 0.3396922486154166, 'a': 0.3396922486154166}",25,17,-1.997447607805394,"{0: 6, 1: 1, 2: 1, 3: 0, 4: 0}",1
204,False,"{'e': 0.33207917110157076, 'a': 0.33207917110157076}",20,0,22.385153909014445,"{0: 19, 1: 1, 2: 0, 3: 0, 4: 0}",0
205,False,"{'e': 0.3243899628125865, 'a': 0.3243899628125865}",25,10,-44.405752883446375,"{0: 10, 1: 1, 2: 2, 3: 2, 4: 0}",1
206,False,"{'e': 0.31662386244071233, 'a': 0.31662386244071233}",25,13,-105.605690983231,"{0: 9, 1: 0, 2: 0, 3: 0, 4: 3}",1
207,False,"{'e': 0.30878010106511944, 'a': 0.30878010106511944}",20,11,15.872837038256657,"{0: 9, 1: 0, 2: 0, 3: 0, 4: 0}",1
208,False,"{'e': 0.3008579020757706, 'a': 0.3008579020757706}",20,11,7.716250552484678,"{0: 8, 1: 1, 2: 0, 3: 0, 4: 0}",1
209,False,"{'e': 0.29285648109652834, 'a': 0.29285648109652834}",20,4,-15.250719262492415,"{0: 15, 1: 0, 2: 0, 3: 0, 4: 1}",1
210,False,"{'e': 0.28477504590749364, 'a': 0.28477504590749364}",25,0,6.864175055284349,"{0: 23, 1: 0, 2: 1, 3: 1, 4: 0}",0
211,False,"{'e': 0.2766127963665686, 'a': 0.2766127963665686}",30,0,12.437366433473095,"{0: 26, 1: 3, 2: 1, 3: 0, 4: 0}",1
212,False,"{'e': 0.2683689243302343, 'a': 0.2683689243302343}",20,10,13.754654331931595,"{0: 9, 1: 1, 2: 0, 3: 0, 4: 0}",1
213,False,"{'e': 0.26004261357353664, 'a': 0.26004261357353664}",25,13,11.30204092301445,"{0: 11, 1: 1, 2: 0, 3: 0, 4: 0}",1
214,False,"{'e': 0.25163303970927203, 'a': 0.25163303970927203}",25,0,-70.56407390171128,"{0: 21, 1: 0, 2: 2, 3: 0, 4: 2}",0
215,False,"{'e': 0.24313937010636474, 'a': 0.24313937010636474}",20,16,7.430587700891424,"{0: 4, 1: 0, 2: 0, 3: 0, 4: 0}",1
216,False,"{'e': 0.23456076380742838, 'a': 0.23456076380742838}",20,8,18.884513647850383,"{0: 12, 1: 0, 2: 0, 3: 0, 4: 0}",1
217,False,"{'e': 0.22589637144550268, 'a': 0.22589637144550268}",35,6,8.294803439861818,"{0: 25, 1: 1, 2: 3, 3: 0, 4: 0}",1
218,False,"{'e': 0.2171453351599577, 'a': 0.2171453351599577}",20,11,-15.717036198241466,"{0: 6, 1: 1, 2: 2, 3: 0, 4: 0}",1
219,False,"{'e': 0.2083067885115573, 'a': 0.2083067885115573}",20,14,9.236247133293826,"{0: 6, 1: 0, 2: 0, 3: 0, 4: 0}",1
220,False,"{'e': 0.19937985639667286, 'a': 0.19937985639667286}",35,18,14.78112792450084,"{0: 15, 1: 0, 2: 2, 3: 0, 4: 0}",1
221,False,"{'e': 0.1903636549606396, 'a': 0.1903636549606396}",20,3,14.127846506492697,"{0: 16, 1: 0, 2: 1, 3: 0, 4: 0}",1
222,False,"{'e': 0.181257291510246, 'a': 0.181257291510246}",25,0,24.497926006766537,"{0: 23, 1: 2, 2: 0, 3: 0, 4: 0}",0
223,False,"{'e': 0.17205986442534846, 'a': 0.17205986442534846}",20,9,10.370797185261745,"{0: 10, 1: 1, 2: 0, 3: 0, 4: 0}",1
224,False,"{'e': 0.16277046306960194, 'a': 0.16277046306960194}",20,0,26.70624251219233,"{0: 20, 1: 0, 2: 0, 3: 0, 4: 0}",0
225,False,"{'e': 0.15338816770029795, 'a': 0.15338816770029795}",20,0,33.33599026702065,"{0: 20, 1: 0, 2: 0, 3: 0, 4: 0}",0
226,False,"{'e': 0.14391204937730093, 'a': 0.14391204937730093}",25,14,-23.32928924649042,"{0: 8, 1: 0, 2: 2, 3: 1, 4: 0}",1
227,False,"{'e': 0.13434116987107395, 'a': 0.13434116987107395}",25,14,13.214196975306564,"{0: 10, 1: 1, 2: 0, 3: 0, 4: 0}",1
228,False,"{'e': 0.12467458156978468, 'a': 0.12467458156978468}",20,9,19.334560391538275,"{0: 11, 1: 0, 2: 0, 3: 0, 4: 0}",1
229,False,"{'e': 0.11491132738548253, 'a': 0.11491132738548253}",20,14,10.409005124277435,"{0: 6, 1: 0, 2: 0, 3: 0, 4: 0}",1
230,False,"{'e': 0.10505044065933736, 'a': 0.10505044065933736}",30,18,23.187533382715362,"{0: 12, 1: 0, 2: 0, 3: 0, 4: 0}",1
231,False,"{'e': 0.09509094506593073, 'a': 0.09509094506593073}",20,10,14.93672099678514,"{0: 10, 1: 0, 2: 0, 3: 0, 4: 0}",1
232,False,"{'e': 0.08503185451659004, 'a': 0.08503185451659004}",25,14,-28.06674987753163,"{0: 10, 1: 0, 2: 0, 3: 0, 4: 1}",1
233,False,"{'e': 0.07487217306175593, 'a': 0.07487217306175593}",25,17,-27.21357388844823,"{0: 7, 1: 0, 2: 0, 3: 0, 4: 1}",1
234,False,"{'e': 0.06461089479237349, 'a': 0.06461089479237349}",35,15,35.678270853170226,"{0: 20, 1: 0, 2: 0, 3: 0, 4: 0}",1
235,False,"{'e': 0.05424700374029722, 'a': 0.05424700374029722}",25,16,13.694053852712267,"{0: 9, 1: 0, 2: 0, 3: 0, 4: 0}",1
236,False,"{'e': 0.043779473777700195, 'a': 0.043779473777700195}",30,13,26.10027991924186,"{0: 17, 1: 0, 2: 0, 3: 0, 4: 0}",1
1,True,"{'e': 0.0, 'a': 0.0}",25,14,17.286050604786787,"{0: 11, 1: 0, 2: 0, 3: 0, 4: 0}",1
2,True,"{'e': 0.0, 'a': 0.0}",25,13,22.38552661244966,"{0: 12, 1: 0, 2: 0, 3: 0, 4: 0}",1
3,True,"{'e': 0.0, 'a': 0.0}",25,14,16.186150765674086,"{0: 11, 1: 0, 2: 0, 3: 0, 4: 0}",1
4,True,"{'e': 0.0, 'a': 0.0}",20,13,10.03555464259348,"{0: 7, 1: 0, 2: 0, 3: 0, 4: 0}",1
5,True,"{'e': 0.0, 'a': 0.0}",20,16,9.657167935499919,"{0: 4, 1: 0, 2: 0, 3: 0, 4: 0}",1
6,True,"{'e': 0.0, 'a': 0.0}",20,11,17.77568799068127,"{0: 9, 1: 0, 2: 0, 3: 0, 4: 0}",1
7,True,"{'e': 0.0, 'a': 0.0}",25,17,12.806032017654042,"{0: 8, 1: 0, 2: 0, 3: 0, 4: 0}",1
8,True,"{'e': 0.0, 'a': 0.0}",20,16,8.640626685314848,"{0: 4, 1: 0, 2: 0, 3: 0, 4: 0}",1
9,True,"{'e': 0.0, 'a': 0.0}",20,13,16.271540650388324,"{0: 7, 1: 0, 2: 0, 3: 0, 4: 0}",1
10,True,"{'e': 0.0, 'a': 0.0}",25,16,16.09260586536,"{0: 9, 1: 0, 2: 0, 3: 0, 4: 0}",1
11,True,"{'e': 0.0, 'a': 0.0}",20,7,24.065021675756576,"{0: 13, 1: 0, 2: 0, 3: 0, 4: 0}",1
12,True,"{'e': 0.0, 'a': 0.0}",20,11,19.515930096544103,"{0: 9, 1: 0, 2: 0, 3: 0, 4: 0}",1
13,True,"{'e': 0.0, 'a': 0.0}",25,16,20.064147152956807,"{0: 9, 1: 0, 2: 0, 3: 0, 4: 0}",1
14,True,"{'e': 0.0, 'a': 0.0}",25,19,12.136283411728037,"{0: 6, 1: 0, 2: 0, 3: 0, 4: 0}",1
15,True,"{'e': 0.0, 'a': 0.0}",25,18,11.764846514507965,"{0: 7, 1: 0, 2: 0, 3: 0, 4: 0}",1
16,True,"{'e': 0.0, 'a': 0.0}",20,0,32.30255407913473,"{0: 20, 1: 0, 2: 0, 3: 0, 4: 0}",1
17,True,"{'e': 0.0, 'a': 0.0}",20,9,19.11363262700926,"{0: 11, 1: 0, 2: 0, 3: 0, 4: 0}",1
18,True,"{'e': 0.0, 'a': 0.0}",30,17,22.249028617167273,"{0: 13, 1: 0, 2: 0, 3: 0, 4: 0}",1
19,True,"{'e': 0.0, 'a': 0.0}",35,20,29.70749849532056,"{0: 15, 1: 0, 2: 0, 3: 0, 4: 0}",1
20,True,"{'e': 0.0, 'a': 0.0}",20,6,21.319132178459473,"{0: 14, 1: 0, 2: 0, 3: 0, 4: 0}",1
21,True,"{'e': 0.0, 'a': 0.0}",35,18,31.976375203505672,"{0: 17, 1: 0, 2: 0, 3: 0, 4: 0}",1
22,True,"{'e': 0.0, 'a': 0.0}",25,14,23.09379896071182,"{0: 11, 1: 0, 2: 0, 3: 0, 4: 0}",1
23,True,"{'e': 0.0, 'a': 0.0}",25,9,31.56520494779199,"{0: 16, 1: 0, 2: 0, 3: 0, 4: 0}",1
24,True,"{'e': 0.0, 'a': 0.0}",20,12,12.86306959494361,"{0: 8, 1: 0, 2: 0, 3: 0, 4: 0}",1
25,True,"{'e': 0.0, 'a': 0.0}",30,20,20.15137026679385,"{0: 10, 1: 0, 2: 0, 3: 0, 4: 0}",1
26,True,"{'e': 0.0, 'a': 0.0}",20,8,23.488354421388042,"{0: 12, 1: 0, 2: 0, 3: 0, 4: 0}",1
27,True,"{'e': 0.0, 'a': 0.0}",30,17,27.629518048472644,"{0: 13, 1: 0, 2: 0, 3: 0, 4: 0}",1
28,True,"{'e': 0.0, 'a': 0.0}",20,14,11.380089707110594,"{0: 6, 1: 0, 2: 0, 3: 0, 4: 0}",1
29,True,"{'e': 0.0, 'a': 0.0}",25,17,16.98272782044051,"{0: 8, 1: 0, 2: 0, 3: 0, 4: 0}",1
30,True,"{'e': 0.0, 'a': 0.0}",25,11,29.051025507147216,"{0: 14, 1: 0, 2: 0, 3: 0, 4: 0}",1
